client_id,created_at,gender
0d931534-2a59-4ca4-89dd-74f60946b47b,1/24/2023,Female
ee906ade-ceeb-4e43-849c-a8cb7f2fe160,1/4/2023,Male
1679fc7c-d3e9-48f4-b154-cf8505e9016a,12/9/2022,Male
56ab7f87-d9fe-4686-ae03-95aebd6c7159,8/13/2022,Female
fb4d53a3-ecd4-48c5-b148-ca5201ae6d02,8/31/2022,Female
09ada5ca-6672-4f73-b8d4-f4c7b3d74408,5/25/2023,Female
905d2b0b-93f6-44f3-aa7e-14c9ceb9eb7c,2/16/2023,Female
a0439e14-4bcc-4cd3-b691-74911731661c,7/15/2022,Male
2082666d-650d-4557-95d8-771280177b16,5/18/2023,Female
16fd5f33-b7c0-4c84-8bde-e405a4c2696b,4/3/2023,Male
32b821c8-6826-4ecc-a300-c0b912baf463,2/8/2023,Non-binary
7c9fea94-60ad-4336-bc5c-52271eb10cae,12/16/2022,Male
0de6cf69-ef26-43ef-9e15-01f2a4d72b34,11/20/2022,Male
a9d9d5ba-834b-4033-8efe-0e9dcd16f08e,2/5/2023,Female
870a40bd-86f6-4632-b2dc-1d1b44a12f0b,2/27/2023,Female
2a2843a2-988e-4ad0-abfc-4dfc1f60f0d9,12/22/2022,Female
b3a90dd0-6663-4f26-9f37-a3e389eef462,8/15/2022,Male
c1107090-17bd-4b12-b727-229df5f4fbc8,10/26/2022,Male
3c8af867-04bb-43e4-9ab4-843d32fba1f1,7/18/2022,Male
54ddccd6-6923-43c2-9358-4dee90c922d3,1/26/2023,Male
ae572503-7f93-40ec-84dd-62c7956221e3,1/3/2023,Female
46e119f9-4346-4d42-bbb3-65b8bf6bff4f,5/2/2023,Male
20769806-24a8-4261-8c8e-2555feae53cd,8/26/2022,Female
f9aae94e-887e-4181-9638-ac568a3df87e,2/10/2023,Female
dafd03df-d22c-4d72-a17e-9c2e54d38be1,1/20/2023,Male
27eab1ae-a5e4-4d7b-96b9-4234efe68307,2/14/2023,Male
67efc5cf-417f-4fd4-838e-59802cceeb15,10/18/2022,Male
b3142654-9a31-4063-a204-3e5f4122fcc3,4/25/2023,Female
a85b4ccc-dc58-49f6-8231-9b85011b2475,7/1/2022,Male
2af20a0c-d4c1-4efe-967a-cb6877ad27f1,7/14/2022,Male
4b6404fb-d7e6-47e0-82c3-2ea5e97442bd,11/27/2022,Male
b4ac6a0c-34e2-4a55-94d5-3b444c4d6cac,10/22/2022,Female
ccf17ff2-8cb6-4111-96fe-60c0fbae76a3,1/24/2023,Female
faf6c800-1c1b-4cde-9b5b-eb4a6ba0126a,11/17/2022,Male
3b42e755-60a0-4c2c-9708-20a602653b3a,10/18/2022,Male
9da95fd5-1310-4f6a-925f-82133c73e93b,4/4/2023,Male
01710422-e88a-4746-acff-5d4d386ce8bd,6/19/2022,Female
878e7a1a-baa7-4c87-a361-b9bf49eaab84,6/1/2023,Non-binary
7e96f6fa-ebe2-42ad-a059-5fb3d2867977,7/19/2022,Male
b2fd8123-3a8a-4c1d-a886-851ef5efca57,4/22/2023,Male
e6eb8e3b-0e9b-46b9-bddb-71ea6d3ea10b,4/24/2023,Male
0c960b24-f23e-45bc-9081-da5f963712fd,6/5/2022,Male
085da153-4a3d-448c-a94e-d8104f391144,4/13/2023,Male
4fef6893-bb5a-4487-8eaf-6ac5922e421d,5/4/2023,Male
fd961bd0-28c0-48ef-9d16-97b8d8380ccc,11/29/2022,Male
571081cd-bf2e-4737-954b-6da1240b38df,1/24/2023,Female
370bea43-7bf2-4192-967c-1e96173004cd,11/5/2022,Male
9cb49578-5ae8-4960-a17e-602e9660b6ab,7/11/2022,Male
71ced41b-7278-4145-ba20-518f6858aea1,8/21/2022,Female
c0be2e1f-2b7f-4bc4-b152-cfa3e8e6fe45,8/10/2022,Male
029cfcf1-9815-4490-a55c-0d5cc229a5c7,4/6/2023,Male
2c3afe73-bf71-4a27-ac58-cef09ee7c13a,10/11/2022,Non-binary
2763048c-5c6c-4550-823d-71d01016cfa2,2/16/2023,Male
1a73efcd-b72d-4b42-8d34-ce97011728e4,4/25/2023,Female
f3a84e91-b083-4058-bf66-f127b1520143,2/24/2023,Female
18099676-55e7-4f75-9005-2558e18b7fb9,8/11/2022,Female
7710fa43-d53f-4170-862b-f9e0216010b0,11/30/2022,Female
0898a9e0-1b2a-4721-9087-059b8d645278,4/9/2023,Female
528da9bf-8150-4e9e-9d1f-187e5b80d1c2,10/2/2022,Male
d8215ad3-b364-403c-85e9-a530eeea024b,12/8/2022,Female
4426fd04-6eba-413b-b120-51a861c751d8,8/9/2022,Non-binary
8015f566-3e54-4730-9b7e-d4268f16a937,1/5/2023,Female
d3f8f80f-828c-40c4-b755-05a96c5fcc84,7/6/2022,Female
78df1de5-c8ad-4f4a-a89d-37b93d10463d,1/13/2023,Female
3216c237-aa61-4fb2-8e0f-8ecc9e2a9e54,12/29/2022,Female
953c1752-e146-4063-8a1e-4cbded6e8f49,12/22/2022,Female
f6496fe3-5a11-4fca-bbb0-a4ddfc5098e2,3/15/2023,Female
c099bae8-e03d-4625-982b-aa78d8d4eb83,5/16/2023,Non-binary
f870f32b-865f-4b15-98c3-4d28930293dd,8/21/2022,Female
e504a81f-196b-42a8-b5fa-7f1858c20212,9/6/2022,Male
77ce27c1-d697-4b6a-8645-e9b006f8e793,8/8/2022,Female
7f70fd37-692b-43a8-8c84-98cc06292a40,4/14/2023,Male
439aee1e-6bd8-4124-bf51-cd7d40162389,10/21/2022,Male
ad7eb4bd-1f5e-4294-9712-bbbfb83b8fc5,5/26/2023,Female
aa3723d9-c481-4d68-9967-ebb92b896d7f,3/22/2023,Male
fb3de05d-d685-419d-abe0-0b1faad39835,1/18/2023,Female
5e30ac7e-a500-4bac-8b6f-9b5e7a0b4824,1/11/2023,Female
699fd955-172c-422d-a8e1-fb3db3504704,10/7/2022,Female
44abe2fc-c9f3-46c2-b09e-c1f3c6d52e0f,2/13/2023,Male
0b4b5cdc-d439-40d8-a114-e1a70d52df00,3/19/2023,Male
a7a54c2d-12fe-42c2-8615-f9287f3eabc0,2/14/2023,Female
9901d278-a8dd-446c-9a6a-3eb71d955d3a,5/4/2023,Female
ba38697a-bee6-45b7-89ef-a9137ce744e0,7/16/2022,Male
483298fc-9c03-40dc-956a-faa9f0bfb680,9/14/2022,Male
e3f380cb-ee5c-47e9-9bbb-36b8a44e87b3,3/15/2023,Female
749befd7-fabb-4cf1-852e-d24472ac9400,1/13/2023,Female
c394202a-c6ab-4148-8c25-5cf995c6993b,7/1/2022,Non-binary
299cb425-2c47-4482-b997-e417827c2c3e,12/14/2022,Female
5d6d9357-2049-4efd-92de-f866108e20f5,9/4/2022,Female
31147e35-990b-498e-8653-778d9b1564ea,9/16/2022,Female
00900a57-a158-433b-91e5-e548eada2616,7/22/2022,Male
157db4be-7300-4af8-9749-3507b8df7220,5/9/2023,Male
122bb90d-2dca-4dbb-92a7-7a2e35fb4047,8/24/2022,Female
08481ddf-c5e6-46da-904e-be14891e4854,12/31/2022,Female
62bac00f-23d7-41f6-9ecb-fcf18086de38,3/13/2023,Male
e83b182b-61ff-4874-a44c-9d560d91e416,2/16/2023,Female
252985e9-513d-4e76-834b-06236999f303,9/14/2022,Female
f053e1a7-be56-4773-92a3-b9d2a493ae32,6/29/2022,Female
757bf2f2-8f05-45f3-a2e0-d3f849da99e6,4/20/2023,Female
ba665351-fe5e-4dbf-9e28-8b47054f6996,6/3/2023,Male
3d517f3a-eaa2-42c1-b768-445187366518,5/26/2023,Female
2de21e12-5df5-4bf1-8707-3056f4149949,3/20/2023,Female
d5cad5f8-7e4c-40cf-8bb1-cb4a2d09b2d8,7/29/2022,Male
58acf90c-22c2-4e5c-815c-7b9875c1446b,11/23/2022,Non-binary
96111344-36bd-4e5f-93ce-6857ea480988,9/1/2022,Female
73366a59-643f-4029-8af2-9b9b36834dab,12/21/2022,Female
d3e3321e-c835-4d43-b5a8-19793e1134fb,1/17/2023,Male
9886830d-67f3-4d25-ad2c-7ac711e6b729,4/5/2023,Male
ec38380c-3a46-4cd2-a5e0-ea93344ee2f1,3/25/2023,Female
6a36d26e-d392-4462-a4ce-45e0ef895a2c,3/13/2023,Female
178291e2-fcb6-4f4c-848b-37e21ce2b3e9,1/20/2023,Non-binary
4f1778a0-dd41-43da-857f-becf38ecb730,8/24/2022,Male
f11b3f54-a6c5-4142-ac73-e8f3e4298cc9,1/4/2023,Female
97b7126a-57c8-40be-b30d-4b3652a74fec,12/1/2022,Female
2409ef4f-0216-4bc0-bf97-ab8ffc53d8e7,5/12/2023,Male
75ef63da-749a-414d-8340-0ed0fc4b6a33,11/8/2022,Male
a29e0baf-c47b-4465-ac62-cfe893e81d14,7/2/2022,Male
b28db105-e4ee-4d74-bd4d-62ec69e2a8c6,2/1/2023,Male
5f1642c7-8e43-412f-8ba6-e7ede84523d7,4/4/2023,Male
87b328ad-465b-43de-b7e4-13d7c79d5db6,8/12/2022,Non-binary
546963d7-36b6-4698-a33c-121cee6b3141,1/19/2023,Female
8abdf428-e1dd-406e-9668-75ecb2a6a5d5,8/16/2022,Male
ed11d94a-a2e1-4932-b31b-7745b40e7456,6/8/2022,Female
1d0b5c4b-1559-487d-bc4a-ee807a082231,4/22/2023,Female
99d30302-bd0d-44a3-b60f-da2d488c7983,7/7/2022,Male
ecd40a62-fe41-42da-af87-3d3c085dde94,11/27/2022,Male
d5d400e5-f79d-4c1a-be7a-6393ca86219a,5/19/2023,Male
a3189b0c-fca5-46ee-b7c3-e623e9fcf0c8,10/2/2022,Male
acf3588e-cd67-426e-b87f-4d4dec071b4c,4/25/2023,Female
75d5f5a7-91cc-47a8-80a8-833d0034783e,5/17/2023,Male
fc54c261-4895-43a9-98a5-5e94dc29484e,8/18/2022,Male
976ff47c-55a1-4b45-afb2-91dacff7ad62,11/9/2022,Male
9ea1f562-676b-4ce6-9468-d03bc2f6f48f,8/10/2022,Male
71eaa997-cfd8-45c3-8394-059be6c09774,5/13/2023,Female
bbc08184-5148-4f98-a786-457ba44ac51a,11/27/2022,Male
dca1f0c5-605e-4a2d-a867-5e22312390b2,6/18/2022,Male
9006bf4e-0c89-4129-ab11-7309a9c6d07c,10/14/2022,Male
810ee813-86db-4a60-9f7c-b5c38a1d2f9e,7/18/2022,Female
c2c55fce-ce24-4f24-baac-dbc6ebc143ec,6/4/2023,Female
0581ff85-46c7-4407-a5a6-d43f1564fc47,12/2/2022,Female
5a535cfc-6adb-4440-88c7-231ac73601f2,3/9/2023,Female
bd844fcd-47f2-416a-af97-4ade7d528c6e,9/13/2022,Non-binary
50366c99-4a2e-498b-992c-e739e5dc146f,5/21/2023,Female
0fa4011d-c297-49df-95e2-1a05476531ad,8/25/2022,Male
4a6a2ada-a46e-4011-88fc-d6e43949049f,11/2/2022,Male
5c30d575-0fac-49f8-a3c3-7b70125742f9,4/6/2023,Male
1794d523-c9a4-4123-9f82-9e348c6f4302,2/8/2023,Female
43594e55-2b7a-4e57-9d8f-57036f94c9ee,7/17/2022,Female
d41ac385-d409-4a67-8020-c179e3fdb5b0,1/9/2023,Female
5c821662-aa5b-486e-8ff0-b552848d9c48,3/11/2023,Male
5e7be24c-d49c-4a30-83ee-f79ad37e80b5,12/3/2022,Female
513840a7-3a57-4349-b01f-029368809a91,6/16/2022,Male
eea1ad1d-3f51-4673-9f5b-225fed5ebba4,9/26/2022,Male
85b191ef-40e5-4e65-8438-a0f3f6a09196,7/30/2022,Male
128d7c05-3b7b-4120-9b2a-56db00088c47,11/7/2022,Male
b6c67e5e-8e18-4cb2-b248-1e97bd24ac70,2/9/2023,Female
58208688-d194-4b2c-9b0a-2a3f6c709cd5,1/13/2023,Female
f38bdbd4-75f7-4662-b617-569f2860e998,4/9/2023,Male
a8e3c1b9-adf2-4b3c-aacf-563d90108167,2/20/2023,Male
b2363b51-4abb-42f3-ab0b-4f55febdd5f6,3/16/2023,Male
42cd8d12-6d46-4e04-bd1a-14a51aba400e,2/26/2023,Female
ed706591-5b5a-466e-95f6-8484d105779c,10/19/2022,Female
ad81f045-1bd1-4b8c-b3a8-79b9df9c0394,10/13/2022,Male
7ec69fda-d99b-4355-87e0-eb608b34ec5f,4/26/2023,Female
c24a180a-cd92-425a-bb18-82910e692b33,11/17/2022,Male
a04cb19d-93ff-4313-bcd8-6508a38a98c2,7/14/2022,Female
bc09d5f0-8ca6-4d78-aa45-d832ea2307f2,8/28/2022,Male
aa5b3d79-3000-4ea2-8385-38a6539a8dbd,10/15/2022,Female
d8c10541-cf72-4805-9c62-9b57d8f1dec6,7/7/2022,Male
977013a2-3483-494f-a82b-98a035e4d55e,1/21/2023,Female
dad48f96-10a3-487e-b667-4b013b9df32d,10/15/2022,Female
34856bcb-2a78-42e0-bca4-33454ae34929,12/19/2022,Female
0100c33a-a1f2-4efe-a20e-4f8cfa9f9dc0,4/8/2023,Male
1ceaa6bb-206e-4038-b126-cece5b548803,9/22/2022,Male
6539d22f-3728-458e-bea5-f02c3dfd8891,6/5/2022,Male
64baff5b-1bd4-4e56-a2b6-e7029ca47653,7/25/2022,Female
1487b3d4-9f1e-444a-83c3-586977c57e5d,2/13/2023,Male
bbbc2450-b4dd-4e2c-b8dd-770d310692d3,11/11/2022,Male
a269147a-0eee-41fc-98ec-a6785714dc9b,2/5/2023,Female
c76d7051-6fa3-4b04-904e-272de8117b99,4/9/2023,Male
08065394-c353-4b80-91f7-d3fa75e62b56,9/16/2022,Non-binary
109a480c-ed7e-4783-8938-cadae7167977,4/25/2023,Male
38da73bd-7fbe-41e7-be1d-19f4f3d8b886,12/12/2022,Female
6805e74b-adb3-4989-9b9e-ab760b368fa5,6/21/2022,Female
2b39fe47-c27b-41bc-b02a-1c3f920fc998,8/15/2022,Non-binary
4df0573c-f03f-4083-a20d-e5abc40297aa,11/10/2022,Female
030d35b3-65fd-4052-ac1e-94f2bea71a27,7/24/2022,Female
4e4f49c9-f6e0-47b7-b51d-dd65539f71a7,11/14/2022,Male
79a1f4cc-8370-42eb-aeac-6e4583da868c,4/29/2023,Female
e3bca794-d777-4889-9b32-cabbf6c81fc1,8/19/2022,Male
61b9c9a6-239c-4dbe-bbcc-182e60c655c7,6/26/2022,Female
5472aa31-466c-4b09-a483-4606882ea3ae,10/23/2022,Female
7cca0b09-5b92-4b7f-bd70-205f68cde690,10/13/2022,Male
0931d3af-0024-4790-a71a-a133cc0bd668,7/21/2022,Female
f03230f8-59bc-428f-8bcc-e20ff77c91eb,11/23/2022,Male
63c81012-45b2-4c08-8221-d752c45d6fa4,7/17/2022,Female
7294f707-1e90-4e08-a781-0fee69bb91a8,1/27/2023,Male
1e9ca334-f455-4b44-b798-cbf25d8f992d,6/25/2022,Female
6fab029a-de56-4fca-bd22-3a0df877c8dc,9/9/2022,Female
c56518ce-7c6b-474d-a407-a685518c2afd,7/11/2022,Female
697cf225-d274-4aba-8e49-7ebe45450e38,12/15/2022,Female
731e3ccc-b483-48ec-afd6-5b02c382ad7c,6/10/2022,Female
f6c4aec4-e718-41db-b510-9ea2738bb87f,2/26/2023,Male
de7d408a-7a8d-40e6-a599-d8d012d401bf,4/28/2023,Male
fab3e999-2b84-43b4-a147-4f2f1bf8d0cc,4/25/2023,Male
b218a871-3744-42e9-b5c3-014a5748011d,8/4/2022,Male
52fab68f-ecfc-4792-b022-28f028259165,10/7/2022,Female
e9e6e07a-8708-42d3-8006-d989c5975d0f,1/10/2023,Male
8bb53e45-aefc-46c0-bf0e-3627fb4dcdd6,4/17/2023,Female
1e37906c-974b-4bf8-a875-99d7431c714e,10/12/2022,Male
e24ce4b1-2e2b-48b2-8cbe-dbb6d5f5019c,7/23/2022,Female
fbff4149-bdf6-4bac-91e3-b40890cdd2f6,3/18/2023,Male
3619dbd6-151f-41fd-bd22-71d6ddb31f7f,7/5/2022,Male
812fbe7b-a8d4-4c0a-be6d-6816bc3f822b,3/21/2023,Non-binary
751ad41e-f60f-443b-a739-38f6e35e4846,9/17/2022,Male
68533460-03aa-48ce-9052-488c6f9981c2,6/17/2022,Male
17399221-3d8c-4683-bb12-6ff54900b37c,9/2/2022,Female
73f1e742-ff28-4ba8-ab8d-797777046a60,8/4/2022,Male
3cc674c3-7c43-4220-afe5-ca260da80f22,3/28/2023,Female
e2869fb0-419d-48da-af11-c2c4ec12ec80,1/7/2023,Male
9e05f6f1-ffb8-412b-af78-152be0984795,3/31/2023,Female
874dc103-7606-415f-9731-0960decfe2c7,3/26/2023,Female
bd391499-d0f0-46b2-af6d-926e71612ae1,4/1/2023,Female
cdfc5c39-2362-4b17-ac58-426a777ee137,4/8/2023,Male
d7bbe3a3-7c63-4352-ab12-ca06c7fa3cc8,1/1/2023,Male
eb99b4a1-c835-4e69-81b3-b6286b5029fc,5/5/2023,Male
8779be59-59ab-4ec0-a428-ff15d419662f,2/3/2023,Female
8d42e2b8-cf24-40cc-8a20-79069f76e9a3,1/1/2023,Female
934f63a6-d3f3-449d-9fbb-9984c26fa7b5,10/7/2022,Male
f4bdf7d5-6812-4b7c-9425-f081d8f3d6c7,12/11/2022,Female
5e34692b-2955-456d-9a9d-be88ee7b2689,9/11/2022,Female
1f7d6deb-bf24-4011-8d93-34bcb4f1a323,6/24/2022,Female
74cc9c36-79d7-470a-92e9-44db81788e40,7/2/2022,Non-binary
0c8622a5-dc12-4f07-b5a6-fc4bea77ed1a,1/10/2023,Male
d56057a5-b33f-4a74-9a6a-bd49a20cdf02,6/26/2022,Female
a140c30c-22ad-4c5c-99a7-a7460e6e6f8d,7/11/2022,Female
2fe80fa7-47d2-4c17-8112-d2237c79384a,8/31/2022,Female
b90ffaf6-17d5-4d31-baba-7f2e83c0797f,5/17/2023,Male
34b30db5-e21d-425d-954c-691ec0599b9f,12/10/2022,Male
b5b99dc6-0250-4723-a2de-cf4da8f384a9,3/7/2023,Male
bff65c01-bd77-4978-8909-6c6496a49b7f,1/20/2023,Male
94fcd529-ada4-40de-9648-b241128d0ef7,12/8/2022,Male
a21ef5a7-3fb6-4c54-bbc3-059cd2eabd40,7/6/2022,Male
472eac59-a511-4173-bd99-b51eb27c1ede,6/24/2022,Male
9423d2dc-612b-4bd9-a6d6-4274b6c57a49,3/30/2023,Male
16711baf-dabe-4512-8ff1-155c8268565d,10/11/2022,Non-binary
c4725507-6286-460b-a903-1070d825a1be,9/27/2022,Male
